Processes,China,India,Singapore,Malaysia,USA,UK
MIL-DTL-5541F / ES-C-44-2,1000,2000,3000,4000,5000,6000
ES-H-105,1000,2000,3000,4000,5000,6000
ES-H-45,1000,2000,3000,4000,5000,6000
KALSI Spec. 163-1,1000,2000,3000,4000,5000,6000
SS.S00599,1000,2000,3000,4000,5000,6000
ES-C-125 / equivalent,1000,2000,3000,4000,5000,6000
BEL/GP042/A00/AN1/02,1000,2000,3000,4000,5000,6000
None,1000,2000,3000,4000,5000,6000
ES-H-48,1000,2000,3000,4000,5000,6000
SS.S00599,1000,2000,3000,4000,5000,6000
ES-H-90-6,1000,2000,3000,4000,5000,6000
MLT-H-2,1000,2000,3000,4000,5000,6000
D00881820,1000,2000,3000,4000,5000,6000
MLT-H-4-3 & MLT-H-4-1,1000,2000,3000,4000,5000,6000
ES-MA-18-0,1000,2000,3000,4000,5000,6000
AMS2444A,1000,2000,3000,4000,5000,6000
ES-MA-18-0,1000,2000,3000,4000,5000,6000
MIL-C-14550,1000,2000,3000,4000,5000,6000
17-4 PH Material,1000,2000,3000,4000,5000,6000
SS.0934897,1000,2000,3000,4000,5000,6000
SS.600074,1000,2000,3000,4000,5000,6000
MLT-W-20  & SS.079526,1000,2000,3000,4000,5000,6000
SS.079526,1000,2000,3000,4000,5000,6000
SS.600072,1000,2000,3000,4000,5000,6000
MLT-W-2,1000,2000,3000,4000,5000,6000
MLT-W-3/  ES-W-216,1000,2000,3000,4000,5000,6000
ES-W-217,1000,2000,3000,4000,5000,6000
MLT-W-82-1,1000,2000,3000,4000,5000,6000
ES-W-213,1000,2000,3000,4000,5000,6000
70.99504,1000,2000,3000,4000,5000,6000
ES-W-76-13,1000,2000,3000,4000,5000,6000
ES-W-2-2,1000,2000,3000,4000,5000,6000
ES-W-101,1000,2000,3000,4000,5000,6000
ES-W-170,1000,2000,3000,4000,5000,6000
D00881820,1000,2000,3000,4000,5000,6000
D00881820,1000,2000,3000,4000,5000,6000
SS.S00599,1000,2000,3000,4000,5000,6000
DHT_000000659 & SPEC-BEL-ESG-MFG-GV014,1000,2000,3000,4000,5000,6000
D00107895,1000,2000,3000,4000,5000,6000
D00307562,1000,2000,3000,4000,5000,6000
As per Drawing,1000,2000,3000,4000,5000,6000
68.02016,1000,2000,3000,4000,5000,6000
ES-H-58-2,1000,2000,3000,4000,5000,6000
As per Drawing,1000,2000,3000,4000,5000,6000
NA,1000,2000,3000,4000,5000,6000
SS.083691/D00850814,1000,2000,3000,4000,5000,6000
SS.083691/D00850814,1000,2000,3000,4000,5000,6000
SC-730,1000,2000,3000,4000,5000,6000
AMS2418,1000,2000,3000,4000,5000,6000
MIL-C-5541 / 68.02002,1000,2000,3000,4000,5000,6000
AMS2422,1000,2000,3000,4000,5000,6000
70.73274,1000,2000,3000,4000,5000,6000
70.83366,1000,2000,3000,4000,5000,6000
70.83673,1000,2000,3000,4000,5000,6000
D01691413,1000,2000,3000,4000,5000,6000
D01897526 (HS3 Condition per D00985204),1000,2000,3000,4000,5000,6000
ASTM B700,1000,2000,3000,4000,5000,6000
-,1000,2000,3000,4000,5000,6000
4330V,1000,2000,3000,4000,5000,6000
ES-C-153,1000,2000,3000,4000,5000,6000
ES-C-111,1000,2000,3000,4000,5000,6000
ES-C-113,1000,2000,3000,4000,5000,6000
ES-H-70,1000,2000,3000,4000,5000,6000